1,Histoire,Vrai ou faux : Napoléon Bonaparte était un empereur de la France.,VRAI,Vrai. Napoléon Bonaparte était un militaire et homme politique français qui est devenu empereur de la France en 1804.
1,Histoire,Quelle est la date de la Déclaration d'Indépendance des États-Unis ?,1776,La Déclaration d'Indépendance des États-Unis a été adoptée le 4 juillet 1776. C'est le jour de la fête nationale aux États-Unis.
1,Histoire,Vrai ou faux : Les dinosaures ont coexisté avec les premiers humains.,FAUX,Faux. Les dinosaures ont disparu il y a des millions d'années, bien avant l'apparition des premiers humains sur Terre.
1,Histoire,En quelle année Christophe Colomb a-t-il découvert l'Amérique ?,1492,Christophe Colomb a découvert l'Amérique en 1492 lors de son premier voyage soutenu par l'Espagne.
1,Histoire,Vrai ou faux : Jules César était un empereur romain.,FAUX,Faux. Jules César était un général et homme politique romain, mais il n'était pas un empereur. Il a joué un rôle important dans la République romaine.
1,Histoire,Quelle est la date de la fin de la Seconde Guerre mondiale ?,1945,La Seconde Guerre mondiale a pris fin le 2 septembre 1945, après la capitulation du Japon.
1,Histoire,Vrai ou faux : Cléopâtre était la reine de l'Égypte.,VRAI,Vrai. Cléopâtre était la dernière reine de l'Égypte antique, célèbre pour sa relation avec Jules César et Marc Antoine.
1,Histoire,En quelle année a eu lieu la Révolution française ?,1789,La Révolution française a commencé en 1789 en raison de la crise économique et sociale en France.
1,Histoire,Vrai ou faux : Martin Luther King Jr. était un leader des droits civiques aux États-Unis.,VRAI,Vrai. Martin Luther King Jr. était un leader emblématique du mouvement des droits civiques aux États-Unis dans les années 1950 et 1960.
1,Histoire,Quelle est la date de la première mission humaine sur la Lune ?,1969,La première mission humaine sur la Lune Apollo 11 a atterri le 20 juillet 1969 avec les astronautes Neil Armstrong et Buzz Aldrin.
2,Français,Vrai ou faux : Les adjectifs sont des mots qui décrivent des personnes des lieux ou des choses.,VRAI,Vrai. Les adjectifs sont des mots utilisés pour donner des informations sur les caractéristiques des personnes des lieux ou des choses.
2,Français,Vrai ou faux : Le verbe est un mot qui indique une action.,VRAI,Vrai. Le verbe est un mot qui exprime une action, un état ou un fait.
2,Français,Vrai ou faux : Les syllabes sont les morceaux qui forment un mot.,VRAI,Vrai. Les syllabes sont les unités de son qui forment un mot. Chaque syllabe a généralement une voyelle.
2,Français,Vrai ou faux : Un synonyme est un mot qui a le même sens qu'un autre mot.,VRAI,Vrai. Les synonymes sont des mots qui ont des significations similaires.
2,Français,Vrai ou faux : "Bonjour" est une interjection.,VRAI,Vrai. Les interjections sont des mots ou des expressions utilisés pour exprimer une émotion ou une réaction soudaine. ""Bonjour"" peut être une interjection pour saluer.
2,Français,Vrai ou faux : Le sujet d'une phrase est le mot qui indique l'action.,FAUX,Faux. Le sujet d'une phrase est le mot qui fait l'action ou sur lequel l'action est réalisée.
2,Français,Vrai ou faux : Les articles définis sont ""le"" ""la"" et ""les"".,VRAI,Vrai. Les articles définis sont utilisés pour parler de quelque chose de spécifique et sont ""le"" pour masculin ""la"" pour féminin et ""les"" pour pluriel.
2,Français,Vrai ou faux : Les prépositions indiquent une action.,FAUX,Faux. Les prépositions sont des mots qui établissent des relations dans l'espace ou dans le temps.
2,Français,Vrai ou faux : Un antonyme est un mot qui a le même sens qu'un autre mot.,FAUX,Faux Un antonyme est un mot qui a un sens opposé à un autre mot.
2,Français,Vrai ou faux : Les majuscules doivent toujours être utilisées au début d'une phrase.,VRAI,Vrai. En français la première lettre d'une phrase doit toujours être une majuscule.
3,Mathématiques,Vrai ou faux : La somme de deux nombres pairs est toujours un nombre pair.,VRAI,Vrai. La somme de deux nombres pairs est toujours un nombre pair car deux nombres pairs peuvent s'écrire sous la forme (2a) et (2b) et leur somme est 2a + 2b = 2(a + b).
3,Mathématiques,Le produit de 8 par 7 est égal à 56.,VRAI,Vrai. Le produit de 8 par 7 est en effet égal à 56 car 8 multiplié par 7 donne 56.
3,Mathématiques,Vrai ou faux : Tous les triangles ont quatre côtés.,FAUX,Faux. Tous les triangles ont trois côtés. Les triangles sont des polygones à trois côtés.
3,Mathématiques,La division par zéro est une opération mathématiquement valide.,FAUX,Faux. La division par zéro est indéfinie en mathématiques. On ne peut pas diviser un nombre par zéro.
3,Mathématiques,Vrai ou faux : La multiplication est une opération commutative.,VRAI,Vrai. La multiplication est une opération commutative ce qui signifie que l'ordre des facteurs n'affecte pas le produit. A x B = B x A.
3,Mathématiques,Le carré de 9 est égal à 81.,VRAI,Vrai. Le carré de 9, noté 9² est égal à 81, car 9 multiplié par lui-même donne 81.
3,Mathématiques,Vrai ou faux : Tous les rectangles sont des carrés.,FAUX,Faux. Tous les carrés sont des rectangles, mais tous les rectangles ne sont pas des carrés. Un rectangle a quatre côtés avec des angles droits mais ses côtés peuvent avoir des longueurs différentes.
3,Mathématiques,L'addition de zéro à n'importe quel nombre donne le même nombre.,VRAI,Vrai. L'addition de zéro à n'importe quel nombre n'affecte pas sa valeur. A + 0 = A.
3,Mathématiques,Vrai ou faux : 24 est un nombre premier.,FAUX,Faux. 24 n'est pas un nombre premier car il a plusieurs diviseurs autres que 1 et lui-même. Par exemple 24 peut être divisé par 2, 3, 4, 6, 8, et 12.
3,Mathématiques,La racine carrée de 25 est égale à 5.,VRAI,Vrai. La racine carrée de 25 est 5 car 5 multiplié par lui-même donne 25.
4,Science,Vrai ou faux : Le soleil est une étoile.,VRAI,Vrai. Le soleil est une étoile. C'est une étoile de type naine jaune qui se trouve au centre de notre système solaire.
4,Science,Les plantes produisent de l'oxygène lors de la photosynthèse.,VRAI,Vrai. Les plantes produisent de l'oxygène lors de la photosynthèse un processus où elles utilisent la lumière du soleil pour convertir le dioxyde de carbone et l'eau en glucose et en oxygène.
4,Science,Vrai ou faux : L'eau bout à une température de 100 degrés Celsius.,VRAI,Vrai. L'eau bout à une température de 100 degrés Celsius à la pression atmosphérique normale.
4,Science,Tous les insectes ont six pattes.,VRAI,Vrai. Tous les insectes ont six pattes. C'est l'une des caractéristiques qui définissent les insectes en tant que groupe d'arthropodes.
4,Science,Vrai ou faux : La Terre tourne autour du soleil.,VRAI,Vrai. La Terre tourne autour du soleil. Ce mouvement est connu sous le nom de révolution et il prend environ 365 jours pour que la Terre fasse une orbite complète.
4,Science,Les planètes du système solaire tournent autour de leur propre axe.,VRAI,Vrai. Les planètes du système solaire tournent sur leur propre axe. Ce mouvement est appelé rotation. Par exemple la Terre effectue une rotation complète sur son axe en environ 24 heures.
4,Science,Vrai ou faux : Les dinosaures sont des animaux qui existent encore aujourd'hui.,FAUX,Faux. Les dinosaures ont disparu il y a des millions d'années. Aucun dinosaure ne survit à l'époque moderne.
4,Science,L'eau est une substance qui peut exister sous forme de solide de liquide et de gaz.,VRAI,Vrai. L'eau est une substance qui peut exister sous forme de solide (glace) de liquide (eau) et de gaz (vapeur d'eau) en fonction de la température.
4,Science,Vrai ou faux : La lune est plus petite que la Terre.,VRAI,Vrai. La Lune est plus petite que la Terre. C'est le seul satellite naturel de la Terre.
4,Science,Le système solaire comprend le soleil les planètes les lunes et d'autres objets célestes.,VRAI,Vrai. Le système solaire est composé du soleil des planètes des lunes des astéroïdes des comètes et d'autres objets célestes qui gravitent autour du soleil.
5,Anglais,Le mot ""cat"" se prononce de la même manière que ""dog"".,FAUX,Faux. Le mot ""cat"" ne se prononce pas de la même manière que ""dog"". Chaque mot a sa propre prononciation distincte.
5,Anglais,Vrai ou faux : L'alphabet anglais comprend 26 lettres.,VRAI,Vrai. L'alphabet anglais est composé de 26 lettres allant de A à Z.
5,Anglais,Le mot ""happy"" signifie triste en anglais.,FAUX,Faux. Le mot ""happy"" signifie joyeux ou heureux en anglais. ""Sad"" est le mot qui signifie triste.
5,Anglais,Quel mot en anglais signifie la même chose que ""maison"" en français ?,House,""House"" en anglais signifie la même chose que ""maison"" en français.
5,Anglais,Le mot ""apple"" se réfère à quel type de fruit en anglais ?,Pomme,""Apple"" en anglais se réfère au fruit pomme.
5,Anglais,Vrai ou faux : ""Elephant"" se prononce avec un son ""f"" à la fin.,FAUX,Faux. ""Elephant"" se prononce avec un son ""t"" à la fin.
5,Anglais,Quel mot en anglais signifie la même chose que ""école"" en français ?,School,""School"" en anglais signifie la même chose que ""école"" en français.
5,Anglais,Vrai ou faux : ""Yellow"" est la couleur bleue en anglais.,FAUX,Faux. ""Yellow"" est le mot anglais qui désigne la couleur jaune pas bleue.
5,Anglais,Le mot ""big"" a le même sens que ""petit"" en anglais.,FAUX,Faux. Le mot ""big"" en anglais signifie grand tandis que ""petit"" se traduit par ""small"".
5,Anglais,Vrai ou faux : ""Hello"" est une façon courante de dire bonjour en anglais.,VRAI,Vrai. ""Hello"" est une façon courante et amicale de dire bonjour en anglais.
6,Culture,Vrai ou faux : La Tour Eiffel est située à Londres.,FAUX,Faux. La Tour Eiffel est située à Paris en France et non à Londres.
6,Culture,Quel est le nom du plus grand océan sur Terre ?,Pacifique,Le plus grand océan sur Terre est l'Océan Pacifique.
6,Culture,Vrai ou faux : Les pandas sont originaires d'Australie.,FAUX,Faux. Les pandas géants sont originaires de Chine.
6,Culture,Quelle est la capitale de l'Espagne ?,Madrid,La capitale de l'Espagne est Madrid.
6,Culture,Quel est le plus grand continent du monde ?,Asie,L'Asie est le plus grand continent du monde.
6,Culture,Vrai ou faux : William Shakespeare était un célèbre peintre.,FAUX,Faux. William Shakespeare était un célèbre écrivain et dramaturge pas un peintre.
6,Culture,Quelle est la monnaie utilisée au Japon ?,Yen,La monnaie utilisée au Japon est le yen.
6,Culture,Vrai ou faux : La Grande Muraille de Chine est visible depuis l'espace.,FAUX,Faux. Contrairement à une croyance populaire la Grande Muraille de Chine n'est généralement pas visible depuis l'espace à l'œil nu.
6,Culture,Quel est le nom de la plus grande île du monde ?,Groenland,La plus grande île du monde est le Groenland.
6,Culture,Vrai ou faux : Les pyramides d'Égypte ont été construites par les Romains.,FAUX,Faux. Les pyramides d'Égypte ont été construites par les anciens Égyptiens pas par les Romains.
